municipio;codigo_unidade_gestora;descricao_unidade_gestora;mes_ano;ano;codigo_receita;descricao_receita;tipo_atualizacao_receita;valor;codigo_fonte_recurso;descricao_fonte_recurso;co;descricao_co
Conde;201061;Prefeitura Municipal de Conde;022026;2026;24225101;Transferências de Convênios dos Estados destinadas a Programas de Educação - Principal;Lançamento de Receita;2.658.286,52;571;Transferências do Estado referentes a Convênios e outros Repasses vinculados à Educação;"Não ";Não Aplicável
Conde;201061;Prefeitura Municipal de Conde;032026;2026;24125091;Outras transferências destinadas a Programas de Educação - Principal;Lançamento de Receita;1.582.369,69;569;Outras Transferências de Recursos do FNDE;"Não ";Não Aplicável
Conde;201061;Prefeitura Municipal de Conde;052026;2026;19999922;Outras Receitas Não Arrecadadas e Não Projetadas pela RFB - Primárias   - Multas e Juros de Mora;Lançamento de Receita;60.839,66;500;Recursos não vinculados de Impostos;"Não ";Não Aplicável
Conde;201061;Prefeitura Municipal de Conde;042026;2026;19999922;Outras Receitas Não Arrecadadas e Não Projetadas pela RFB - Primárias   - Multas e Juros de Mora;Lançamento de Receita;72.166,65;500;Recursos não vinculados de Impostos;"Não ";Não Aplicável
Conde;201061;Prefeitura Municipal de Conde;032026;2026;19999922;Outras Receitas Não Arrecadadas e Não Projetadas pela RFB - Primárias   - Multas e Juros de Mora;Lançamento de Receita;78.667,8;500;Recursos não vinculados de Impostos;"Não ";Não Aplicável
Conde;201061;Prefeitura Municipal de Conde;022026;2026;19999922;Outras Receitas Não Arrecadadas e Não Projetadas pela RFB - Primárias   - Multas e Juros de Mora;Lançamento de Receita;73.614,77;500;Recursos não vinculados de Impostos;"Não ";Não Aplicável
Conde;201061;Prefeitura Municipal de Conde;012026;2026;19999922;Outras Receitas Não Arrecadadas e Não Projetadas pela RFB - Primárias   - Multas e Juros de Mora;Lançamento de Receita;75.414,03;500;Recursos não vinculados de Impostos;"Não ";Não Aplicável
Conde;201061;Prefeitura Municipal de Conde;042026;2026;19999921;Outras Receitas Não Arrecadadas e Não Projetadas pela RFB - Primárias   - Principal;Lançamento de Receita;334,55;500;Recursos não vinculados de Impostos;"Não ";Não Aplicável
Conde;201061;Prefeitura Municipal de Conde;032026;2026;19999921;Outras Receitas Não Arrecadadas e Não Projetadas pela RFB - Primárias   - Principal;Lançamento de Receita;142,26;500;Recursos não vinculados de Impostos;"Não ";Não Aplicável
Conde;201061;Prefeitura Municipal de Conde;022026;2026;19999921;Outras Receitas Não Arrecadadas e Não Projetadas pela RFB - Primárias   - Principal;Lançamento de Receita;4.421,2;500;Recursos não vinculados de Impostos;"Não ";Não Aplicável
Conde;201061;Prefeitura Municipal de Conde;022026;2026;19999921;Outras Receitas Não Arrecadadas e Não Projetadas pela RFB - Primárias   - Principal;Lançamento de Receita;40.000;501;Outros Recursos não Vinculados;"Não ";Não Aplicável
Conde;201061;Prefeitura Municipal de Conde;012026;2026;19999921;Outras Receitas Não Arrecadadas e Não Projetadas pela RFB - Primárias   - Principal;Lançamento de Receita;150,22;500;Recursos não vinculados de Impostos;"Não ";Não Aplicável
Conde;201061;Prefeitura Municipal de Conde;052026;2026;19991222;Ônus de Sucumbência - Multas e Juros de Mora;Lançamento de Receita;170,37;500;Recursos não vinculados de Impostos;"Não ";Não Aplicável
Conde;201061;Prefeitura Municipal de Conde;052026;2026;19991222;Ônus de Sucumbência - Multas e Juros de Mora;Lançamento de Receita;13,02;500;Recursos não vinculados de Impostos;1001;Identificação das despesas com manutenção e desenvolvimento do ensino
Conde;201061;Prefeitura Municipal de Conde;042026;2026;19991222;Ônus de Sucumbência - Multas e Juros de Mora;Lançamento de Receita;39,15;500;Recursos não vinculados de Impostos;"Não ";Não Aplicável
Conde;201061;Prefeitura Municipal de Conde;032026;2026;19991222;Ônus de Sucumbência - Multas e Juros de Mora;Lançamento de Receita;426,87;500;Recursos não vinculados de Impostos;"Não ";Não Aplicável
Conde;201061;Prefeitura Municipal de Conde;022026;2026;19991222;Ônus de Sucumbência - Multas e Juros de Mora;Lançamento de Receita;78,75;500;Recursos não vinculados de Impostos;"Não ";Não Aplicável
Conde;201061;Prefeitura Municipal de Conde;012026;2026;19991222;Ônus de Sucumbência - Multas e Juros de Mora;Lançamento de Receita;125,26;500;Recursos não vinculados de Impostos;"Não ";Não Aplicável
Conde;201061;Prefeitura Municipal de Conde;052026;2026;19991221;Ônus de Sucumbência - Principal;Lançamento de Receita;3.528,42;500;Recursos não vinculados de Impostos;1001;Identificação das despesas com manutenção e desenvolvimento do ensino
Conde;201061;Prefeitura Municipal de Conde;052026;2026;19991221;Ônus de Sucumbência - Principal;Lançamento de Receita;20.304,52;500;Recursos não vinculados de Impostos;"Não ";Não Aplicável
Conde;201061;Prefeitura Municipal de Conde;042026;2026;19991221;Ônus de Sucumbência - Principal;Lançamento de Receita;19.340,73;500;Recursos não vinculados de Impostos;"Não ";Não Aplicável
Conde;201061;Prefeitura Municipal de Conde;032026;2026;19991221;Ônus de Sucumbência - Principal;Lançamento de Receita;47.334,69;500;Recursos não vinculados de Impostos;"Não ";Não Aplicável
Conde;201061;Prefeitura Municipal de Conde;022026;2026;19991221;Ônus de Sucumbência - Principal;Lançamento de Receita;23.258,09;500;Recursos não vinculados de Impostos;"Não ";Não Aplicável
Conde;201061;Prefeitura Municipal de Conde;012026;2026;19991221;Ônus de Sucumbência - Principal;Lançamento de Receita;38.265,86;500;Recursos não vinculados de Impostos;"Não ";Não Aplicável
Conde;201061;Prefeitura Municipal de Conde;042026;2026;19229901;Outras Restituições - Principal;Lançamento de Receita;415,26;500;Recursos não vinculados de Impostos;"Não ";Não Aplicável
Conde;201061;Prefeitura Municipal de Conde;032026;2026;19229901;Outras Restituições - Principal;Lançamento de Receita;1.781;500;Recursos não vinculados de Impostos;"Não ";Não Aplicável
Conde;201061;Prefeitura Municipal de Conde;022026;2026;19229901;Outras Restituições - Principal;Lançamento de Receita;16.365,39;500;Recursos não vinculados de Impostos;"Não ";Não Aplicável
Conde;201061;Prefeitura Municipal de Conde;012026;2026;19229901;Outras Restituições - Principal;Lançamento de Receita;625;500;Recursos não vinculados de Impostos;"Não ";Não Aplicável
Conde;201061;Prefeitura Municipal de Conde;052026;2026;19110101;Multas Previstas em Legislação Específica - Principal;Lançamento de Receita;20.289,12;500;Recursos não vinculados de Impostos;"Não ";Não Aplicável
Conde;201061;Prefeitura Municipal de Conde;052026;2026;19110101;Multas Previstas em Legislação Específica - Principal;Lançamento de Receita;732,5;500;Recursos não vinculados de Impostos;1001;Identificação das despesas com manutenção e desenvolvimento do ensino
Conde;201061;Prefeitura Municipal de Conde;042026;2026;19110101;Multas Previstas em Legislação Específica - Principal;Lançamento de Receita;34.965,44;500;Recursos não vinculados de Impostos;"Não ";Não Aplicável
Conde;201061;Prefeitura Municipal de Conde;042026;2026;19110101;Multas Previstas em Legislação Específica - Principal;Lançamento de Receita;3.232,36;500;Recursos não vinculados de Impostos;1001;Identificação das despesas com manutenção e desenvolvimento do ensino
Conde;201061;Prefeitura Municipal de Conde;032026;2026;19110101;Multas Previstas em Legislação Específica - Principal;Lançamento de Receita;1.010,38;500;Recursos não vinculados de Impostos;1001;Identificação das despesas com manutenção e desenvolvimento do ensino
Conde;201061;Prefeitura Municipal de Conde;032026;2026;19110101;Multas Previstas em Legislação Específica - Principal;Lançamento de Receita;25.937,42;500;Recursos não vinculados de Impostos;"Não ";Não Aplicável
Conde;201061;Prefeitura Municipal de Conde;022026;2026;19110101;Multas Previstas em Legislação Específica - Principal;Lançamento de Receita;16.376,2;500;Recursos não vinculados de Impostos;"Não ";Não Aplicável
Conde;201061;Prefeitura Municipal de Conde;012026;2026;19110101;Multas Previstas em Legislação Específica - Principal;Lançamento de Receita;16.538,53;500;Recursos não vinculados de Impostos;"Não ";Não Aplicável
Conde;201061;Prefeitura Municipal de Conde;052026;2026;17515001;Transferências de Recursos do Fundo de Manutenção e Desenvolvimento da Educação Básica e de Valorização dos Profissionais da Educação – FUNDEB - Principal;Lançamento de Receita;2.713.942,68;540;Transferências do FUNDEB - Impostos e Transferências de Impostos;"Não ";Não Aplicável
Conde;201061;Prefeitura Municipal de Conde;042026;2026;17515001;Transferências de Recursos do Fundo de Manutenção e Desenvolvimento da Educação Básica e de Valorização dos Profissionais da Educação – FUNDEB - Principal;Lançamento de Receita;3.759.309,81;540;Transferências do FUNDEB - Impostos e Transferências de Impostos;"Não ";Não Aplicável
Conde;201061;Prefeitura Municipal de Conde;032026;2026;17515001;Transferências de Recursos do Fundo de Manutenção e Desenvolvimento da Educação Básica e de Valorização dos Profissionais da Educação – FUNDEB - Principal;Lançamento de Receita;3.529.244,74;540;Transferências do FUNDEB - Impostos e Transferências de Impostos;"Não ";Não Aplicável
Conde;201061;Prefeitura Municipal de Conde;022026;2026;17515001;Transferências de Recursos do Fundo de Manutenção e Desenvolvimento da Educação Básica e de Valorização dos Profissionais da Educação – FUNDEB - Principal;Lançamento de Receita;4.422.235,31;540;Transferências do FUNDEB - Impostos e Transferências de Impostos;"Não ";Não Aplicável
Conde;201061;Prefeitura Municipal de Conde;012026;2026;17515001;Transferências de Recursos do Fundo de Manutenção e Desenvolvimento da Educação Básica e de Valorização dos Profissionais da Educação – FUNDEB - Principal;Lançamento de Receita;4.015.102,88;540;Transferências do FUNDEB - Impostos e Transferências de Impostos;"Não ";Não Aplicável
Conde;201061;Prefeitura Municipal de Conde;052026;2026;17295101;Transferências de Estados destinadas à Assistência Social - Principal;Lançamento de Receita;79.946,86;669;Outros Recursos Vinculados à Assistência Social;"Não ";Não Aplicável
Conde;201061;Prefeitura Municipal de Conde;022026;2026;17249901;Outras Transferências de Convênios dos Estados e DF e de Suas Entidades - Principal;Lançamento de Receita;150.000;701;Outras Transferências de Convênios ou Repasses dos Estados;"Não ";Não Aplicável
Conde;201061;Prefeitura Municipal de Conde;042026;2026;17215301;Cota-Parte da Contribuição de Intervenção no Domínio Econômico - Principal;Lançamento de Receita;7.064,18;750;Recursos da Contribuição de Intervenção no Domínio Econômico - CIDE;"Não ";Não Aplicável
Conde;201061;Prefeitura Municipal de Conde;012026;2026;17215301;Cota-Parte da Contribuição de Intervenção no Domínio Econômico - Principal;Lançamento de Receita;8.718,1;750;Recursos da Contribuição de Intervenção no Domínio Econômico - CIDE;"Não ";Não Aplicável
Conde;201061;Prefeitura Municipal de Conde;052026;2026;17215201;Cota-Parte do IPI - Municípios - Principal;Lançamento de Receita;762,66;500;Recursos não vinculados de Impostos;"Não ";Não Aplicável
Conde;201061;Prefeitura Municipal de Conde;042026;2026;17215201;Cota-Parte do IPI - Municípios - Principal;Lançamento de Receita;1.308,63;500;Recursos não vinculados de Impostos;"Não ";Não Aplicável
Conde;201061;Prefeitura Municipal de Conde;042026;2026;17215201;Cota-Parte do IPI - Municípios - Principal;Dedução do Fundeb;-261,73;500;Recursos não vinculados de Impostos;"Não ";Não Aplicável
Conde;201061;Prefeitura Municipal de Conde;032026;2026;17215201;Cota-Parte do IPI - Municípios - Principal;Dedução do Fundeb;-243,3;500;Recursos não vinculados de Impostos;"Não ";Não Aplicável
Conde;201061;Prefeitura Municipal de Conde;032026;2026;17215201;Cota-Parte do IPI - Municípios - Principal;Lançamento de Receita;1.216,51;500;Recursos não vinculados de Impostos;"Não ";Não Aplicável
Conde;201061;Prefeitura Municipal de Conde;022026;2026;17215201;Cota-Parte do IPI - Municípios - Principal;Dedução do Fundeb;-271,7;500;Recursos não vinculados de Impostos;"Não ";Não Aplicável
Conde;201061;Prefeitura Municipal de Conde;022026;2026;17215201;Cota-Parte do IPI - Municípios - Principal;Lançamento de Receita;1.358,5;500;Recursos não vinculados de Impostos;"Não ";Não Aplicável
Conde;201061;Prefeitura Municipal de Conde;012026;2026;17215201;Cota-Parte do IPI - Municípios - Principal;Lançamento de Receita;1.451,65;500;Recursos não vinculados de Impostos;"Não ";Não Aplicável
Conde;201061;Prefeitura Municipal de Conde;012026;2026;17215201;Cota-Parte do IPI - Municípios - Principal;Dedução do Fundeb;-290,33;500;Recursos não vinculados de Impostos;"Não ";Não Aplicável
Conde;201061;Prefeitura Municipal de Conde;052026;2026;17215101;Cota-Parte do IPVA - Principal;Lançamento de Receita;142.443,11;500;Recursos não vinculados de Impostos;"Não ";Não Aplicável
Conde;201061;Prefeitura Municipal de Conde;052026;2026;17215101;Cota-Parte do IPVA - Principal;Lançamento de Receita;9.763,6;500;Recursos não vinculados de Impostos;1001;Identificação das despesas com manutenção e desenvolvimento do ensino
Conde;201061;Prefeitura Municipal de Conde;042026;2026;17215101;Cota-Parte do IPVA - Principal;Dedução do Fundeb;-45.132,92;500;Recursos não vinculados de Impostos;"Não ";Não Aplicável
Conde;201061;Prefeitura Municipal de Conde;042026;2026;17215101;Cota-Parte do IPVA - Principal;Lançamento de Receita;16.344,85;500;Recursos não vinculados de Impostos;1001;Identificação das despesas com manutenção e desenvolvimento do ensino
Conde;201061;Prefeitura Municipal de Conde;042026;2026;17215101;Cota-Parte do IPVA - Principal;Lançamento de Receita;209.319,76;500;Recursos não vinculados de Impostos;"Não ";Não Aplicável
Conde;201061;Prefeitura Municipal de Conde;032026;2026;17215101;Cota-Parte do IPVA - Principal;Lançamento de Receita;7.598,32;500;Recursos não vinculados de Impostos;1001;Identificação das despesas com manutenção e desenvolvimento do ensino
Conde;201061;Prefeitura Municipal de Conde;032026;2026;17215101;Cota-Parte do IPVA - Principal;Dedução do Fundeb;-44.205,75;500;Recursos não vinculados de Impostos;"Não ";Não Aplicável
Conde;201061;Prefeitura Municipal de Conde;032026;2026;17215101;Cota-Parte do IPVA - Principal;Lançamento de Receita;228.370,9;500;Recursos não vinculados de Impostos;"Não ";Não Aplicável
Conde;201061;Prefeitura Municipal de Conde;022026;2026;17215101;Cota-Parte do IPVA - Principal;Dedução do Fundeb;-35.127,24;500;Recursos não vinculados de Impostos;"Não ";Não Aplicável
Conde;201061;Prefeitura Municipal de Conde;022026;2026;17215101;Cota-Parte do IPVA - Principal;Lançamento de Receita;160.695,7;500;Recursos não vinculados de Impostos;"Não ";Não Aplicável
Conde;201061;Prefeitura Municipal de Conde;012026;2026;17215101;Cota-Parte do IPVA - Principal;Lançamento de Receita;166.405,93;500;Recursos não vinculados de Impostos;"Não ";Não Aplicável
Conde;201061;Prefeitura Municipal de Conde;012026;2026;17215101;Cota-Parte do IPVA - Principal;Dedução do Fundeb;-33.281,19;500;Recursos não vinculados de Impostos;"Não ";Não Aplicável
Conde;201061;Prefeitura Municipal de Conde;052026;2026;17215001;Cota-Parte do ICMS - Principal;Lançamento de Receita;2.898.765,98;500;Recursos não vinculados de Impostos;"Não ";Não Aplicável
Conde;201061;Prefeitura Municipal de Conde;052026;2026;17215001;Cota-Parte do ICMS - Principal;Dedução do Fundeb;-580.335;500;Recursos não vinculados de Impostos;"Não ";Não Aplicável
Conde;201061;Prefeitura Municipal de Conde;042026;2026;17215001;Cota-Parte do ICMS - Principal;Lançamento de Receita;5.142.617,49;500;Recursos não vinculados de Impostos;"Não ";Não Aplicável
Conde;201061;Prefeitura Municipal de Conde;042026;2026;17215001;Cota-Parte do ICMS - Principal;Dedução do Fundeb;-1.027.941,67;500;Recursos não vinculados de Impostos;"Não ";Não Aplicável
Conde;201061;Prefeitura Municipal de Conde;032026;2026;17215001;Cota-Parte do ICMS - Principal;Lançamento de Receita;5.314.361,59;500;Recursos não vinculados de Impostos;"Não ";Não Aplicável
Conde;201061;Prefeitura Municipal de Conde;032026;2026;17215001;Cota-Parte do ICMS - Principal;Dedução do Fundeb;-1.065.278,58;500;Recursos não vinculados de Impostos;"Não ";Não Aplicável
Conde;201061;Prefeitura Municipal de Conde;022026;2026;17215001;Cota-Parte do ICMS - Principal;Dedução do Fundeb;-891.195,85;500;Recursos não vinculados de Impostos;"Não ";Não Aplicável
Conde;201061;Prefeitura Municipal de Conde;022026;2026;17215001;Cota-Parte do ICMS - Principal;Lançamento de Receita;4.473.828,93;500;Recursos não vinculados de Impostos;"Não ";Não Aplicável
Conde;201061;Prefeitura Municipal de Conde;012026;2026;17215001;Cota-Parte do ICMS - Principal;Lançamento de Receita;5.175.715,92;500;Recursos não vinculados de Impostos;"Não ";Não Aplicável
Conde;201061;Prefeitura Municipal de Conde;012026;2026;17215001;Cota-Parte do ICMS - Principal;Dedução do Fundeb;-1.035.143,17;500;Recursos não vinculados de Impostos;"Não ";Não Aplicável
Conde;201061;Prefeitura Municipal de Conde;022026;2026;17196001;Transferências da Política Nacional Aldir Blanc de Fomento à Cultura - Lei nº 14.399/2022 - Principal;Lançamento de Receita;226.305,6;719;Transferências da Política Nacional Aldir Blanc de Fomento à Cultura - Lei 14.399/2022;"Não ";Não Aplicável
Conde;201061;Prefeitura Municipal de Conde;052026;2026;17195801;Transferência Obrigatória Decorrente da Lei Complementar nº 176/2020 - Principal;Lançamento de Receita;2.909,11;500;Recursos não vinculados de Impostos;"Não ";Não Aplicável
Conde;201061;Prefeitura Municipal de Conde;012026;2026;17195801;Transferência Obrigatória Decorrente da Lei Complementar nº 176/2020 - Principal;Lançamento de Receita;2.909,11;500;Recursos não vinculados de Impostos;"Não ";Não Aplicável
Conde;201061;Prefeitura Municipal de Conde;052026;2026;17195701;Transferência Especial da União - Principal;Lançamento de Receita;-100.000;749;Outras vinculações de transferências;"Não ";Não Aplicável
Conde;201061;Prefeitura Municipal de Conde;052026;2026;17195701;Transferência Especial da União - Principal;Lançamento de Receita;100.000;749;Outras vinculações de transferências;3110;Identificação das Transferências da União decorrentes de emendas parlamentares individuais
Conde;201061;Prefeitura Municipal de Conde;042026;2026;17195701;Transferência Especial da União - Principal;Lançamento de Receita;100.000;749;Outras vinculações de transferências;"Não ";Não Aplicável
Conde;201061;Prefeitura Municipal de Conde;042026;2026;17195701;Transferência Especial da União - Principal;Lançamento de Receita;100.000;749;Outras vinculações de transferências;3110;Identificação das Transferências da União decorrentes de emendas parlamentares individuais
Conde;201061;Prefeitura Municipal de Conde;052026;2026;17165001;Transferências de Recursos do Fundo Nacional de Assistência Social – FNAS - Principal;Lançamento de Receita;45.381,22;660;Transferência de Recursos do Fundo Nacional de Assistência Social - FNAS;"Não ";Não Aplicável
Conde;201061;Prefeitura Municipal de Conde;042026;2026;17165001;Transferências de Recursos do Fundo Nacional de Assistência Social – FNAS - Principal;Lançamento de Receita;58.340,24;660;Transferência de Recursos do Fundo Nacional de Assistência Social - FNAS;"Não ";Não Aplicável
Conde;201061;Prefeitura Municipal de Conde;032026;2026;17165001;Transferências de Recursos do Fundo Nacional de Assistência Social – FNAS - Principal;Lançamento de Receita;94.401,4;660;Transferência de Recursos do Fundo Nacional de Assistência Social - FNAS;"Não ";Não Aplicável
Conde;201061;Prefeitura Municipal de Conde;022026;2026;17165001;Transferências de Recursos do Fundo Nacional de Assistência Social – FNAS - Principal;Lançamento de Receita;32.524,34;660;Transferência de Recursos do Fundo Nacional de Assistência Social - FNAS;"Não ";Não Aplicável
Conde;201061;Prefeitura Municipal de Conde;012026;2026;17165001;Transferências de Recursos do Fundo Nacional de Assistência Social – FNAS - Principal;Lançamento de Receita;21.987,78;660;Transferência de Recursos do Fundo Nacional de Assistência Social - FNAS;"Não ";Não Aplicável
Conde;201061;Prefeitura Municipal de Conde;012026;2026;17155301;Transferências de Recursos do Fundeb destinados à criação de matrículas em ETI- Principal;Lançamento de Receita;207.250,43;546;Transferências do FUNDEB - complementação da União - Educação Tempo Integral;"Não ";Não Aplicável
Conde;201061;Prefeitura Municipal de Conde;042026;2026;17155201;Transferências de Recursos de Complementação da União ao Fundeb – VAAR - Principal;Lançamento de Receita;288.484,41;543;Transferências do FUNDEB - Complementação da União - VAAR;"Não ";Não Aplicável
Conde;201061;Prefeitura Municipal de Conde;032026;2026;17155201;Transferências de Recursos de Complementação da União ao Fundeb – VAAR - Principal;Lançamento de Receita;259.882,77;543;Transferências do FUNDEB - Complementação da União - VAAR;"Não ";Não Aplicável
Conde;201061;Prefeitura Municipal de Conde;022026;2026;17155201;Transferências de Recursos de Complementação da União ao Fundeb – VAAR - Principal;Lançamento de Receita;238.225,87;543;Transferências do FUNDEB - Complementação da União - VAAR;"Não ";Não Aplicável
Conde;201061;Prefeitura Municipal de Conde;012026;2026;17155201;Transferências de Recursos de Complementação da União ao Fundeb – VAAR - Principal;Lançamento de Receita;659.124,48;543;Transferências do FUNDEB - Complementação da União - VAAR;"Não ";Não Aplicável
Conde;201061;Prefeitura Municipal de Conde;042026;2026;17155101;Transferências de Recursos de Complementação da União ao Fundeb – VAAF - Principal;Lançamento de Receita;392.651,18;541;Transferências do FUNDEB - Complementação da União - VAAF;"Não ";Não Aplicável
Conde;201061;Prefeitura Municipal de Conde;032026;2026;17155101;Transferências de Recursos de Complementação da União ao Fundeb – VAAF - Principal;Lançamento de Receita;179.221,79;541;Transferências do FUNDEB - Complementação da União - VAAF;"Não ";Não Aplicável
Conde;201061;Prefeitura Municipal de Conde;022026;2026;17155101;Transferências de Recursos de Complementação da União ao Fundeb – VAAF - Principal;Lançamento de Receita;164.286,64;541;Transferências do FUNDEB - Complementação da União - VAAF;"Não ";Não Aplicável
Conde;201061;Prefeitura Municipal de Conde;012026;2026;17155101;Transferências de Recursos de Complementação da União ao Fundeb – VAAF - Principal;Lançamento de Receita;400.514,13;541;Transferências do FUNDEB - Complementação da União - VAAF;"Não ";Não Aplicável
Conde;201061;Prefeitura Municipal de Conde;042026;2026;17155001;Transferências de Recursos de Complementação da União ao Fundeb – VAAT - Principal;Lançamento de Receita;710.413,04;542;Transferências do FUNDEB - Complementação da União - VAAT;"Não ";Não Aplicável
Conde;201061;Prefeitura Municipal de Conde;032026;2026;17155001;Transferências de Recursos de Complementação da União ao Fundeb – VAAT - Principal;Lançamento de Receita;627.384,64;542;Transferências do FUNDEB - Complementação da União - VAAT;"Não ";Não Aplicável
Conde;201061;Prefeitura Municipal de Conde;022026;2026;17155001;Transferências de Recursos de Complementação da União ao Fundeb – VAAT - Principal;Lançamento de Receita;575.102,59;542;Transferências do FUNDEB - Complementação da União - VAAT;"Não ";Não Aplicável
Conde;201061;Prefeitura Municipal de Conde;012026;2026;17155001;Transferências de Recursos de Complementação da União ao Fundeb – VAAT - Principal;Lançamento de Receita;1.788.409,69;542;Transferências do FUNDEB - Complementação da União - VAAT;"Não ";Não Aplicável
Conde;201061;Prefeitura Municipal de Conde;042026;2026;17145301;Transferências referentes ao Programa Nacional de Apoio ao Transporte do Escolar – PNATE - Principal;Lançamento de Receita;119.562,78;553;"Transferências de Recursos do FNDE Referentes ao Programa Nacional de Apoio ao Transporte Escolar (PNATE) ";"Não ";Não Aplicável
Conde;201061;Prefeitura Municipal de Conde;052026;2026;17145201;Transferências referentes ao Programa Nacional de Alimentação Escolar – PNAE - Principal;Lançamento de Receita;127.748;552;Transferências de Recursos do FNDE Referentes ao Programa Nacional de Alimentação Escolar (PNAE);"Não ";Não Aplicável
Conde;201061;Prefeitura Municipal de Conde;042026;2026;17145201;Transferências referentes ao Programa Nacional de Alimentação Escolar – PNAE - Principal;Lançamento de Receita;127.748;552;Transferências de Recursos do FNDE Referentes ao Programa Nacional de Alimentação Escolar (PNAE);"Não ";Não Aplicável
Conde;201061;Prefeitura Municipal de Conde;032026;2026;17145201;Transferências referentes ao Programa Nacional de Alimentação Escolar – PNAE - Principal;Lançamento de Receita;127.748;552;Transferências de Recursos do FNDE Referentes ao Programa Nacional de Alimentação Escolar (PNAE);"Não ";Não Aplicável
Conde;201061;Prefeitura Municipal de Conde;022026;2026;17145201;Transferências referentes ao Programa Nacional de Alimentação Escolar – PNAE - Principal;Lançamento de Receita;127.748;552;Transferências de Recursos do FNDE Referentes ao Programa Nacional de Alimentação Escolar (PNAE);"Não ";Não Aplicável
Conde;201061;Prefeitura Municipal de Conde;052026;2026;17145001;Transferências do Salário-Educação - Principal;Lançamento de Receita;315.557,26;550;Transferência do Salário-Educação;"Não ";Não Aplicável
Conde;201061;Prefeitura Municipal de Conde;042026;2026;17145001;Transferências do Salário-Educação - Principal;Lançamento de Receita;322.514,29;550;Transferência do Salário-Educação;"Não ";Não Aplicável
Conde;201061;Prefeitura Municipal de Conde;032026;2026;17145001;Transferências do Salário-Educação - Principal;Lançamento de Receita;322.975,54;550;Transferência do Salário-Educação;"Não ";Não Aplicável
Conde;201061;Prefeitura Municipal de Conde;022026;2026;17145001;Transferências do Salário-Educação - Principal;Lançamento de Receita;313.325,65;550;Transferência do Salário-Educação;"Não ";Não Aplicável
Conde;201061;Prefeitura Municipal de Conde;012026;2026;17145001;Transferências do Salário-Educação - Principal;Lançamento de Receita;538.299,08;550;Transferência do Salário-Educação;"Não ";Não Aplicável
Conde;201061;Prefeitura Municipal de Conde;052026;2026;17129901;Outras Transferências decorrentes de Compensação Financeira pela Exploração de Recursos Naturais   - Principal;Lançamento de Receita;9.387,56;500;Recursos não vinculados de Impostos;"Não ";Não Aplicável
Conde;201061;Prefeitura Municipal de Conde;032026;2026;17129901;Outras Transferências decorrentes de Compensação Financeira pela Exploração de Recursos Naturais   - Principal;Lançamento de Receita;7.854,71;500;Recursos não vinculados de Impostos;"Não ";Não Aplicável
Conde;201061;Prefeitura Municipal de Conde;022026;2026;17129901;Outras Transferências decorrentes de Compensação Financeira pela Exploração de Recursos Naturais   - Principal;Lançamento de Receita;4.089,73;500;Recursos não vinculados de Impostos;"Não ";Não Aplicável
Conde;201061;Prefeitura Municipal de Conde;012026;2026;17129901;Outras Transferências decorrentes de Compensação Financeira pela Exploração de Recursos Naturais   - Principal;Lançamento de Receita;5.572,89;500;Recursos não vinculados de Impostos;"Não ";Não Aplicável
Conde;201061;Prefeitura Municipal de Conde;042026;2026;17125241;Cota-Parte do Fundo Especial do Petróleo – FEP - Principal;Lançamento de Receita;64.694,41;500;Recursos não vinculados de Impostos;"Não ";Não Aplicável
Conde;201061;Prefeitura Municipal de Conde;032026;2026;17125241;Cota-Parte do Fundo Especial do Petróleo – FEP - Principal;Lançamento de Receita;68.614,04;500;Recursos não vinculados de Impostos;"Não ";Não Aplicável
Conde;201061;Prefeitura Municipal de Conde;022026;2026;17125241;Cota-Parte do Fundo Especial do Petróleo – FEP - Principal;Lançamento de Receita;64.852,58;500;Recursos não vinculados de Impostos;"Não ";Não Aplicável
Conde;201061;Prefeitura Municipal de Conde;012026;2026;17125241;Cota-Parte do Fundo Especial do Petróleo – FEP - Principal;Lançamento de Receita;57.806,4;500;Recursos não vinculados de Impostos;"Não ";Não Aplicável
Conde;201061;Prefeitura Municipal de Conde;052026;2026;17115201;Cota-Parte do Imposto Sobre a Propriedade Territorial Rural - Principal;Dedução do Fundeb;-27,52;500;Recursos não vinculados de Impostos;"Não ";Não Aplicável
Conde;201061;Prefeitura Municipal de Conde;052026;2026;17115201;Cota-Parte do Imposto Sobre a Propriedade Territorial Rural - Principal;Lançamento de Receita;137,63;500;Recursos não vinculados de Impostos;"Não ";Não Aplicável
Conde;201061;Prefeitura Municipal de Conde;042026;2026;17115201;Cota-Parte do Imposto Sobre a Propriedade Territorial Rural - Principal;Lançamento de Receita;3.428,72;500;Recursos não vinculados de Impostos;"Não ";Não Aplicável
Conde;201061;Prefeitura Municipal de Conde;042026;2026;17115201;Cota-Parte do Imposto Sobre a Propriedade Territorial Rural - Principal;Dedução do Fundeb;-685,74;500;Recursos não vinculados de Impostos;"Não ";Não Aplicável
Conde;201061;Prefeitura Municipal de Conde;032026;2026;17115201;Cota-Parte do Imposto Sobre a Propriedade Territorial Rural - Principal;Lançamento de Receita;6.549,63;500;Recursos não vinculados de Impostos;"Não ";Não Aplicável
Conde;201061;Prefeitura Municipal de Conde;032026;2026;17115201;Cota-Parte do Imposto Sobre a Propriedade Territorial Rural - Principal;Dedução do Fundeb;-46,48;500;Recursos não vinculados de Impostos;"Não ";Não Aplicável
Conde;201061;Prefeitura Municipal de Conde;022026;2026;17115201;Cota-Parte do Imposto Sobre a Propriedade Territorial Rural - Principal;Lançamento de Receita;1,42;500;Recursos não vinculados de Impostos;"Não ";Não Aplicável
Conde;201061;Prefeitura Municipal de Conde;022026;2026;17115201;Cota-Parte do Imposto Sobre a Propriedade Territorial Rural - Principal;Dedução do Fundeb;-1.263,71;500;Recursos não vinculados de Impostos;"Não ";Não Aplicável
Conde;201061;Prefeitura Municipal de Conde;012026;2026;17115201;Cota-Parte do Imposto Sobre a Propriedade Territorial Rural - Principal;Lançamento de Receita;145,41;500;Recursos não vinculados de Impostos;"Não ";Não Aplicável
Conde;201061;Prefeitura Municipal de Conde;012026;2026;17115201;Cota-Parte do Imposto Sobre a Propriedade Territorial Rural - Principal;Dedução do Fundeb;-29,08;500;Recursos não vinculados de Impostos;"Não ";Não Aplicável
Conde;201061;Prefeitura Municipal de Conde;052026;2026;17115111;Cota-Parte do Fundo de Participação dos Municípios - Cota Mensal - Principal;Lançamento de Receita;2.840.553,27;500;Recursos não vinculados de Impostos;"Não ";Não Aplicável
Conde;201061;Prefeitura Municipal de Conde;052026;2026;17115111;Cota-Parte do Fundo de Participação dos Municípios - Cota Mensal - Principal;Dedução do Fundeb;-568.110,64;500;Recursos não vinculados de Impostos;"Não ";Não Aplicável
Conde;201061;Prefeitura Municipal de Conde;042026;2026;17115111;Cota-Parte do Fundo de Participação dos Municípios - Cota Mensal - Principal;Lançamento de Receita;3.570.997,56;500;Recursos não vinculados de Impostos;"Não ";Não Aplicável
Conde;201061;Prefeitura Municipal de Conde;042026;2026;17115111;Cota-Parte do Fundo de Participação dos Municípios - Cota Mensal - Principal;Dedução do Fundeb;-714.199,48;500;Recursos não vinculados de Impostos;"Não ";Não Aplicável
Conde;201061;Prefeitura Municipal de Conde;032026;2026;17115111;Cota-Parte do Fundo de Participação dos Municípios - Cota Mensal - Principal;Dedução do Fundeb;-324.145,09;500;Recursos não vinculados de Impostos;"Não ";Não Aplicável
Conde;201061;Prefeitura Municipal de Conde;032026;2026;17115111;Cota-Parte do Fundo de Participação dos Municípios - Cota Mensal - Principal;Lançamento de Receita;3.032.944,53;500;Recursos não vinculados de Impostos;"Não ";Não Aplicável
Conde;201061;Prefeitura Municipal de Conde;022026;2026;17115111;Cota-Parte do Fundo de Participação dos Municípios - Cota Mensal - Principal;Dedução do Fundeb;-1.001.698,18;500;Recursos não vinculados de Impostos;"Não ";Não Aplicável
Conde;201061;Prefeitura Municipal de Conde;022026;2026;17115111;Cota-Parte do Fundo de Participação dos Municípios - Cota Mensal - Principal;Lançamento de Receita;5.008.491,14;500;Recursos não vinculados de Impostos;"Não ";Não Aplicável
Conde;201061;Prefeitura Municipal de Conde;012026;2026;17115111;Cota-Parte do Fundo de Participação dos Municípios - Cota Mensal - Principal;Dedução do Fundeb;-796.706,05;500;Recursos não vinculados de Impostos;"Não ";Não Aplicável
Conde;201061;Prefeitura Municipal de Conde;012026;2026;17115111;Cota-Parte do Fundo de Participação dos Municípios - Cota Mensal - Principal;Lançamento de Receita;3.983.530,43;500;Recursos não vinculados de Impostos;"Não ";Não Aplicável
Conde;201061;Prefeitura Municipal de Conde;042026;2026;13210101;Remuneração de Depósitos Bancários - Principal;Lançamento de Receita;134.144,99;500;Recursos não vinculados de Impostos;"Não ";Não Aplicável
Conde;201061;Prefeitura Municipal de Conde;032026;2026;13210101;Remuneração de Depósitos Bancários - Principal;Lançamento de Receita;171.623,71;500;Recursos não vinculados de Impostos;"Não ";Não Aplicável
Conde;201061;Prefeitura Municipal de Conde;022026;2026;13210101;Remuneração de Depósitos Bancários - Principal;Lançamento de Receita;164.785,78;500;Recursos não vinculados de Impostos;"Não ";Não Aplicável
Conde;201061;Prefeitura Municipal de Conde;012026;2026;13210101;Remuneração de Depósitos Bancários - Principal;Lançamento de Receita;118.383,61;500;Recursos não vinculados de Impostos;"Não ";Não Aplicável
Conde;201061;Prefeitura Municipal de Conde;032026;2026;12415001;Contribuição para o Custeio do Serviço de Iluminação Pública - Principal;Lançamento de Receita;953.236,88;500;Recursos não vinculados de Impostos;"Não ";Não Aplicável
Conde;201061;Prefeitura Municipal de Conde;012026;2026;12415001;Contribuição para o Custeio do Serviço de Iluminação Pública - Principal;Lançamento de Receita;471.732,63;751;Recursos da Contribuição para o Custeio do Serviço de Iluminação Pública - COSIP;"Não ";Não Aplicável
Conde;201061;Prefeitura Municipal de Conde;052026;2026;12219911;Outras Contribuições Econômicas – Não Arrecadadas e Não Projetadas pela RFB - Principal;Lançamento de Receita;1.891,73;500;Recursos não vinculados de Impostos;"Não ";Não Aplicável
Conde;201061;Prefeitura Municipal de Conde;042026;2026;12219911;Outras Contribuições Econômicas – Não Arrecadadas e Não Projetadas pela RFB - Principal;Lançamento de Receita;2.272,69;500;Recursos não vinculados de Impostos;"Não ";Não Aplicável
Conde;201061;Prefeitura Municipal de Conde;032026;2026;12219911;Outras Contribuições Econômicas – Não Arrecadadas e Não Projetadas pela RFB - Principal;Lançamento de Receita;4.731,75;500;Recursos não vinculados de Impostos;"Não ";Não Aplicável
Conde;201061;Prefeitura Municipal de Conde;022026;2026;12219911;Outras Contribuições Econômicas – Não Arrecadadas e Não Projetadas pela RFB - Principal;Lançamento de Receita;810,09;500;Recursos não vinculados de Impostos;"Não ";Não Aplicável
Conde;201061;Prefeitura Municipal de Conde;012026;2026;12219911;Outras Contribuições Econômicas – Não Arrecadadas e Não Projetadas pela RFB - Principal;Lançamento de Receita;656,25;500;Recursos não vinculados de Impostos;"Não ";Não Aplicável
Conde;201061;Prefeitura Municipal de Conde;052026;2026;11220103;Taxas pela Prestação de Serviços em Geral - Dívida Ativa;Lançamento de Receita;1.136,81;500;Recursos não vinculados de Impostos;1001;Identificação das despesas com manutenção e desenvolvimento do ensino
Conde;201061;Prefeitura Municipal de Conde;052026;2026;11220103;Taxas pela Prestação de Serviços em Geral - Dívida Ativa;Lançamento de Receita;5.122,68;500;Recursos não vinculados de Impostos;"Não ";Não Aplicável
Conde;201061;Prefeitura Municipal de Conde;042026;2026;11220103;Taxas pela Prestação de Serviços em Geral - Dívida Ativa;Lançamento de Receita;5.431;500;Recursos não vinculados de Impostos;"Não ";Não Aplicável
Conde;201061;Prefeitura Municipal de Conde;032026;2026;11220103;Taxas pela Prestação de Serviços em Geral - Dívida Ativa;Lançamento de Receita;9.341,95;500;Recursos não vinculados de Impostos;"Não ";Não Aplicável
Conde;201061;Prefeitura Municipal de Conde;022026;2026;11220103;Taxas pela Prestação de Serviços em Geral - Dívida Ativa;Lançamento de Receita;4.865,66;500;Recursos não vinculados de Impostos;"Não ";Não Aplicável
Conde;201061;Prefeitura Municipal de Conde;012026;2026;11220103;Taxas pela Prestação de Serviços em Geral - Dívida Ativa;Lançamento de Receita;6.176,86;500;Recursos não vinculados de Impostos;"Não ";Não Aplicável
Conde;201061;Prefeitura Municipal de Conde;052026;2026;11220102;Taxas pela Prestação de Serviços em Geral - Multas e Juros de Mora;Lançamento de Receita;391,35;500;Recursos não vinculados de Impostos;1001;Identificação das despesas com manutenção e desenvolvimento do ensino
Conde;201061;Prefeitura Municipal de Conde;052026;2026;11220102;Taxas pela Prestação de Serviços em Geral - Multas e Juros de Mora;Lançamento de Receita;2.003,53;500;Recursos não vinculados de Impostos;"Não ";Não Aplicável
Conde;201061;Prefeitura Municipal de Conde;042026;2026;11220102;Taxas pela Prestação de Serviços em Geral - Multas e Juros de Mora;Lançamento de Receita;2.973,94;500;Recursos não vinculados de Impostos;"Não ";Não Aplicável
Conde;201061;Prefeitura Municipal de Conde;032026;2026;11220102;Taxas pela Prestação de Serviços em Geral - Multas e Juros de Mora;Lançamento de Receita;6.569,69;500;Recursos não vinculados de Impostos;"Não ";Não Aplicável
Conde;201061;Prefeitura Municipal de Conde;022026;2026;11220102;Taxas pela Prestação de Serviços em Geral - Multas e Juros de Mora;Lançamento de Receita;1.803,47;500;Recursos não vinculados de Impostos;"Não ";Não Aplicável
Conde;201061;Prefeitura Municipal de Conde;012026;2026;11220102;Taxas pela Prestação de Serviços em Geral - Multas e Juros de Mora;Lançamento de Receita;2.536,16;500;Recursos não vinculados de Impostos;"Não ";Não Aplicável
Conde;201061;Prefeitura Municipal de Conde;052026;2026;11220101;Taxas pela Prestação de Serviços em Geral - Principal;Lançamento de Receita;14.211,8;500;Recursos não vinculados de Impostos;"Não ";Não Aplicável
Conde;201061;Prefeitura Municipal de Conde;052026;2026;11220101;Taxas pela Prestação de Serviços em Geral - Principal;Lançamento de Receita;3.275,15;500;Recursos não vinculados de Impostos;1001;Identificação das despesas com manutenção e desenvolvimento do ensino
Conde;201061;Prefeitura Municipal de Conde;042026;2026;11220101;Taxas pela Prestação de Serviços em Geral - Principal;Lançamento de Receita;19.302,19;500;Recursos não vinculados de Impostos;"Não ";Não Aplicável
Conde;201061;Prefeitura Municipal de Conde;032026;2026;11220101;Taxas pela Prestação de Serviços em Geral - Principal;Lançamento de Receita;10.905,02;500;Recursos não vinculados de Impostos;"Não ";Não Aplicável
Conde;201061;Prefeitura Municipal de Conde;022026;2026;11220101;Taxas pela Prestação de Serviços em Geral - Principal;Lançamento de Receita;8.978,52;500;Recursos não vinculados de Impostos;"Não ";Não Aplicável
Conde;201061;Prefeitura Municipal de Conde;012026;2026;11220101;Taxas pela Prestação de Serviços em Geral - Principal;Lançamento de Receita;14.142,83;500;Recursos não vinculados de Impostos;"Não ";Não Aplicável
Conde;201061;Prefeitura Municipal de Conde;052026;2026;11210401;Taxa de Controle e Fiscalização Ambiental - Principal;Lançamento de Receita;37.167,54;500;Recursos não vinculados de Impostos;"Não ";Não Aplicável
Conde;201061;Prefeitura Municipal de Conde;042026;2026;11210401;Taxa de Controle e Fiscalização Ambiental - Principal;Lançamento de Receita;31.112,04;500;Recursos não vinculados de Impostos;"Não ";Não Aplicável
Conde;201061;Prefeitura Municipal de Conde;032026;2026;11210401;Taxa de Controle e Fiscalização Ambiental - Principal;Lançamento de Receita;44.808,43;500;Recursos não vinculados de Impostos;"Não ";Não Aplicável
Conde;201061;Prefeitura Municipal de Conde;022026;2026;11210401;Taxa de Controle e Fiscalização Ambiental - Principal;Lançamento de Receita;45.565,38;500;Recursos não vinculados de Impostos;"Não ";Não Aplicável
Conde;201061;Prefeitura Municipal de Conde;012026;2026;11210401;Taxa de Controle e Fiscalização Ambiental - Principal;Lançamento de Receita;45.824,41;500;Recursos não vinculados de Impostos;"Não ";Não Aplicável
Conde;201061;Prefeitura Municipal de Conde;052026;2026;11210102;Taxas de Inspeção, Controle e Fiscalização - Multas e Juros de Mora;Lançamento de Receita;13,19;500;Recursos não vinculados de Impostos;1001;Identificação das despesas com manutenção e desenvolvimento do ensino
Conde;201061;Prefeitura Municipal de Conde;052026;2026;11210102;Taxas de Inspeção, Controle e Fiscalização - Multas e Juros de Mora;Lançamento de Receita;707,85;500;Recursos não vinculados de Impostos;"Não ";Não Aplicável
Conde;201061;Prefeitura Municipal de Conde;042026;2026;11210102;Taxas de Inspeção, Controle e Fiscalização - Multas e Juros de Mora;Lançamento de Receita;1.123,41;500;Recursos não vinculados de Impostos;"Não ";Não Aplicável
Conde;201061;Prefeitura Municipal de Conde;032026;2026;11210102;Taxas de Inspeção, Controle e Fiscalização - Multas e Juros de Mora;Lançamento de Receita;1.118,5;500;Recursos não vinculados de Impostos;"Não ";Não Aplicável
Conde;201061;Prefeitura Municipal de Conde;022026;2026;11210102;Taxas de Inspeção, Controle e Fiscalização - Multas e Juros de Mora;Lançamento de Receita;15.419,15;500;Recursos não vinculados de Impostos;"Não ";Não Aplicável
Conde;201061;Prefeitura Municipal de Conde;012026;2026;11210102;Taxas de Inspeção, Controle e Fiscalização - Multas e Juros de Mora;Lançamento de Receita;3.846,51;500;Recursos não vinculados de Impostos;"Não ";Não Aplicável
Conde;201061;Prefeitura Municipal de Conde;052026;2026;11210101;Taxas de Inspeção, Controle e Fiscalização - Principal;Lançamento de Receita;24.186,89;500;Recursos não vinculados de Impostos;"Não ";Não Aplicável
Conde;201061;Prefeitura Municipal de Conde;052026;2026;11210101;Taxas de Inspeção, Controle e Fiscalização - Principal;Lançamento de Receita;1.859,61;500;Recursos não vinculados de Impostos;1001;Identificação das despesas com manutenção e desenvolvimento do ensino
Conde;201061;Prefeitura Municipal de Conde;042026;2026;11210101;Taxas de Inspeção, Controle e Fiscalização - Principal;Lançamento de Receita;72.256,99;500;Recursos não vinculados de Impostos;"Não ";Não Aplicável
Conde;201061;Prefeitura Municipal de Conde;032026;2026;11210101;Taxas de Inspeção, Controle e Fiscalização - Principal;Lançamento de Receita;77.366,14;500;Recursos não vinculados de Impostos;"Não ";Não Aplicável
Conde;201061;Prefeitura Municipal de Conde;022026;2026;11210101;Taxas de Inspeção, Controle e Fiscalização - Principal;Lançamento de Receita;82.551,97;500;Recursos não vinculados de Impostos;"Não ";Não Aplicável
Conde;201061;Prefeitura Municipal de Conde;012026;2026;11210101;Taxas de Inspeção, Controle e Fiscalização - Principal;Lançamento de Receita;70.281,99;500;Recursos não vinculados de Impostos;"Não ";Não Aplicável
Conde;201061;Prefeitura Municipal de Conde;042026;2026;11145115;Imposto sobre Serviços de Qualquer Natureza - ISSQN - Multas;Lançamento de Receita;1.672,6;500;Recursos não vinculados de Impostos;"Não ";Não Aplicável
Conde;201061;Prefeitura Municipal de Conde;032026;2026;11145115;Imposto sobre Serviços de Qualquer Natureza - ISSQN - Multas;Lançamento de Receita;213;500;Recursos não vinculados de Impostos;"Não ";Não Aplicável
Conde;201061;Prefeitura Municipal de Conde;052026;2026;11145113;Imposto sobre Serviços de Qualquer Natureza - ISSQN - Dívida Ativa;Lançamento de Receita;16.591,41;500;Recursos não vinculados de Impostos;"Não ";Não Aplicável
Conde;201061;Prefeitura Municipal de Conde;042026;2026;11145113;Imposto sobre Serviços de Qualquer Natureza - ISSQN - Dívida Ativa;Lançamento de Receita;8.472,84;500;Recursos não vinculados de Impostos;"Não ";Não Aplicável
Conde;201061;Prefeitura Municipal de Conde;032026;2026;11145113;Imposto sobre Serviços de Qualquer Natureza - ISSQN - Dívida Ativa;Lançamento de Receita;9.833,56;500;Recursos não vinculados de Impostos;"Não ";Não Aplicável
Conde;201061;Prefeitura Municipal de Conde;022026;2026;11145113;Imposto sobre Serviços de Qualquer Natureza - ISSQN - Dívida Ativa;Lançamento de Receita;117.632,61;500;Recursos não vinculados de Impostos;"Não ";Não Aplicável
Conde;201061;Prefeitura Municipal de Conde;012026;2026;11145113;Imposto sobre Serviços de Qualquer Natureza - ISSQN - Dívida Ativa;Lançamento de Receita;13.323,52;500;Recursos não vinculados de Impostos;"Não ";Não Aplicável
Conde;201061;Prefeitura Municipal de Conde;052026;2026;11145112;Imposto sobre Serviços de Qualquer Natureza - ISSQN - Multas e Juros de Mora;Lançamento de Receita;3.444,25;500;Recursos não vinculados de Impostos;"Não ";Não Aplicável
Conde;201061;Prefeitura Municipal de Conde;042026;2026;11145112;Imposto sobre Serviços de Qualquer Natureza - ISSQN - Multas e Juros de Mora;Lançamento de Receita;1.702,78;500;Recursos não vinculados de Impostos;"Não ";Não Aplicável
Conde;201061;Prefeitura Municipal de Conde;032026;2026;11145112;Imposto sobre Serviços de Qualquer Natureza - ISSQN - Multas e Juros de Mora;Lançamento de Receita;4.163,32;500;Recursos não vinculados de Impostos;"Não ";Não Aplicável
Conde;201061;Prefeitura Municipal de Conde;022026;2026;11145112;Imposto sobre Serviços de Qualquer Natureza - ISSQN - Multas e Juros de Mora;Lançamento de Receita;23.347,93;500;Recursos não vinculados de Impostos;"Não ";Não Aplicável
Conde;201061;Prefeitura Municipal de Conde;012026;2026;11145112;Imposto sobre Serviços de Qualquer Natureza - ISSQN - Multas e Juros de Mora;Lançamento de Receita;4.152,37;500;Recursos não vinculados de Impostos;"Não ";Não Aplicável
Conde;201061;Prefeitura Municipal de Conde;052026;2026;11145111;Imposto sobre Serviços de Qualquer Natureza - ISSQN - Principal;Lançamento de Receita;69.033,79;500;Recursos não vinculados de Impostos;1001;Identificação das despesas com manutenção e desenvolvimento do ensino
Conde;201061;Prefeitura Municipal de Conde;052026;2026;11145111;Imposto sobre Serviços de Qualquer Natureza - ISSQN - Principal;Lançamento de Receita;1.388.206,45;500;Recursos não vinculados de Impostos;"Não ";Não Aplicável
Conde;201061;Prefeitura Municipal de Conde;042026;2026;11145111;Imposto sobre Serviços de Qualquer Natureza - ISSQN - Principal;Lançamento de Receita;1.031.095,62;500;Recursos não vinculados de Impostos;"Não ";Não Aplicável
Conde;201061;Prefeitura Municipal de Conde;042026;2026;11145111;Imposto sobre Serviços de Qualquer Natureza - ISSQN - Principal;Lançamento de Receita;16.236,04;500;Recursos não vinculados de Impostos;1001;Identificação das despesas com manutenção e desenvolvimento do ensino
Conde;201061;Prefeitura Municipal de Conde;032026;2026;11145111;Imposto sobre Serviços de Qualquer Natureza - ISSQN - Principal;Lançamento de Receita;37.060,39;500;Recursos não vinculados de Impostos;1001;Identificação das despesas com manutenção e desenvolvimento do ensino
Conde;201061;Prefeitura Municipal de Conde;032026;2026;11145111;Imposto sobre Serviços de Qualquer Natureza - ISSQN - Principal;Lançamento de Receita;812.700,03;500;Recursos não vinculados de Impostos;"Não ";Não Aplicável
Conde;201061;Prefeitura Municipal de Conde;022026;2026;11145111;Imposto sobre Serviços de Qualquer Natureza - ISSQN - Principal;Lançamento de Receita;1.343.471,52;500;Recursos não vinculados de Impostos;"Não ";Não Aplicável
Conde;201061;Prefeitura Municipal de Conde;012026;2026;11145111;Imposto sobre Serviços de Qualquer Natureza - ISSQN - Principal;Lançamento de Receita;986.504,5;500;Recursos não vinculados de Impostos;"Não ";Não Aplicável
Conde;201061;Prefeitura Municipal de Conde;052026;2026;11130311;Imposto sobre a Renda - Retido na Fonte - Trabalho - Principal;Lançamento de Receita;-166,36;500;Recursos não vinculados de Impostos;1001;Identificação das despesas com manutenção e desenvolvimento do ensino
Conde;201061;Prefeitura Municipal de Conde;052026;2026;11130311;Imposto sobre a Renda - Retido na Fonte - Trabalho - Principal;Lançamento de Receita;132.862,17;500;Recursos não vinculados de Impostos;"Não ";Não Aplicável
Conde;201061;Prefeitura Municipal de Conde;042026;2026;11130311;Imposto sobre a Renda - Retido na Fonte - Trabalho - Principal;Lançamento de Receita;420.223,55;500;Recursos não vinculados de Impostos;"Não ";Não Aplicável
Conde;201061;Prefeitura Municipal de Conde;032026;2026;11130311;Imposto sobre a Renda - Retido na Fonte - Trabalho - Principal;Lançamento de Receita;535,5;500;Recursos não vinculados de Impostos;1001;Identificação das despesas com manutenção e desenvolvimento do ensino
Conde;201061;Prefeitura Municipal de Conde;032026;2026;11130311;Imposto sobre a Renda - Retido na Fonte - Trabalho - Principal;Lançamento de Receita;451.365,66;500;Recursos não vinculados de Impostos;"Não ";Não Aplicável
Conde;201061;Prefeitura Municipal de Conde;022026;2026;11130311;Imposto sobre a Renda - Retido na Fonte - Trabalho - Principal;Lançamento de Receita;402.572,19;500;Recursos não vinculados de Impostos;"Não ";Não Aplicável
Conde;201061;Prefeitura Municipal de Conde;012026;2026;11130311;Imposto sobre a Renda - Retido na Fonte - Trabalho - Principal;Lançamento de Receita;364.103,33;500;Recursos não vinculados de Impostos;"Não ";Não Aplicável
Conde;201061;Prefeitura Municipal de Conde;052026;2026;11125303;"Impostos sobre Transmissão ""Inter Vivos"" de Bens Imóveis e de Direitos Reais sobre Imóveis - Dívida Ativa";Lançamento de Receita;861;500;Recursos não vinculados de Impostos;"Não ";Não Aplicável
Conde;201061;Prefeitura Municipal de Conde;052026;2026;11125302;"Impostos sobre Transmissão ""Inter Vivos"" de Bens Imóveis e de Direitos Reais sobre Imóveis - Multas e Juros de Mora";Lançamento de Receita;5.403,06;500;Recursos não vinculados de Impostos;"Não ";Não Aplicável
Conde;201061;Prefeitura Municipal de Conde;042026;2026;11125302;"Impostos sobre Transmissão ""Inter Vivos"" de Bens Imóveis e de Direitos Reais sobre Imóveis - Multas e Juros de Mora";Lançamento de Receita;1.018,02;500;Recursos não vinculados de Impostos;"Não ";Não Aplicável
Conde;201061;Prefeitura Municipal de Conde;032026;2026;11125302;"Impostos sobre Transmissão ""Inter Vivos"" de Bens Imóveis e de Direitos Reais sobre Imóveis - Multas e Juros de Mora";Lançamento de Receita;30.180,97;500;Recursos não vinculados de Impostos;"Não ";Não Aplicável
Conde;201061;Prefeitura Municipal de Conde;022026;2026;11125302;"Impostos sobre Transmissão ""Inter Vivos"" de Bens Imóveis e de Direitos Reais sobre Imóveis - Multas e Juros de Mora";Lançamento de Receita;22.027,99;500;Recursos não vinculados de Impostos;"Não ";Não Aplicável
Conde;201061;Prefeitura Municipal de Conde;012026;2026;11125302;"Impostos sobre Transmissão ""Inter Vivos"" de Bens Imóveis e de Direitos Reais sobre Imóveis - Multas e Juros de Mora";Lançamento de Receita;69.750;500;Recursos não vinculados de Impostos;"Não ";Não Aplicável
Conde;201061;Prefeitura Municipal de Conde;052026;2026;11125301;"Impostos sobre Transmissão ""Inter Vivos"" de Bens Imóveis e de Direitos Reais sobre Imóveis - Principal";Lançamento de Receita;352.069,88;500;Recursos não vinculados de Impostos;"Não ";Não Aplicável
Conde;201061;Prefeitura Municipal de Conde;052026;2026;11125301;"Impostos sobre Transmissão ""Inter Vivos"" de Bens Imóveis e de Direitos Reais sobre Imóveis - Principal";Lançamento de Receita;46.880;500;Recursos não vinculados de Impostos;1001;Identificação das despesas com manutenção e desenvolvimento do ensino
Conde;201061;Prefeitura Municipal de Conde;042026;2026;11125301;"Impostos sobre Transmissão ""Inter Vivos"" de Bens Imóveis e de Direitos Reais sobre Imóveis - Principal";Lançamento de Receita;512.825,99;500;Recursos não vinculados de Impostos;"Não ";Não Aplicável
Conde;201061;Prefeitura Municipal de Conde;032026;2026;11125301;"Impostos sobre Transmissão ""Inter Vivos"" de Bens Imóveis e de Direitos Reais sobre Imóveis - Principal";Lançamento de Receita;587.748,03;500;Recursos não vinculados de Impostos;"Não ";Não Aplicável
Conde;201061;Prefeitura Municipal de Conde;022026;2026;11125301;"Impostos sobre Transmissão ""Inter Vivos"" de Bens Imóveis e de Direitos Reais sobre Imóveis - Principal";Lançamento de Receita;326.160,25;500;Recursos não vinculados de Impostos;"Não ";Não Aplicável
Conde;201061;Prefeitura Municipal de Conde;012026;2026;11125301;"Impostos sobre Transmissão ""Inter Vivos"" de Bens Imóveis e de Direitos Reais sobre Imóveis - Principal";Lançamento de Receita;526.940,9;500;Recursos não vinculados de Impostos;"Não ";Não Aplicável
Conde;201061;Prefeitura Municipal de Conde;052026;2026;11125004;Imposto sobre a Propriedade Predial e Territorial Urbana - Dívida Ativa - Multas e Juros de Mora da Dívida Ativa;Lançamento de Receita;22.390,73;500;Recursos não vinculados de Impostos;"Não ";Não Aplicável
Conde;201061;Prefeitura Municipal de Conde;052026;2026;11125004;Imposto sobre a Propriedade Predial e Territorial Urbana - Dívida Ativa - Multas e Juros de Mora da Dívida Ativa;Lançamento de Receita;4.742,75;500;Recursos não vinculados de Impostos;1001;Identificação das despesas com manutenção e desenvolvimento do ensino
Conde;201061;Prefeitura Municipal de Conde;042026;2026;11125004;Imposto sobre a Propriedade Predial e Territorial Urbana - Dívida Ativa - Multas e Juros de Mora da Dívida Ativa;Lançamento de Receita;24.675,19;500;Recursos não vinculados de Impostos;"Não ";Não Aplicável
Conde;201061;Prefeitura Municipal de Conde;032026;2026;11125004;Imposto sobre a Propriedade Predial e Territorial Urbana - Dívida Ativa - Multas e Juros de Mora da Dívida Ativa;Lançamento de Receita;34.311,15;500;Recursos não vinculados de Impostos;"Não ";Não Aplicável
Conde;201061;Prefeitura Municipal de Conde;022026;2026;11125004;Imposto sobre a Propriedade Predial e Territorial Urbana - Dívida Ativa - Multas e Juros de Mora da Dívida Ativa;Lançamento de Receita;25.175,26;500;Recursos não vinculados de Impostos;"Não ";Não Aplicável
Conde;201061;Prefeitura Municipal de Conde;012026;2026;11125004;Imposto sobre a Propriedade Predial e Territorial Urbana - Dívida Ativa - Multas e Juros de Mora da Dívida Ativa;Lançamento de Receita;30.001,34;500;Recursos não vinculados de Impostos;"Não ";Não Aplicável
Conde;201061;Prefeitura Municipal de Conde;052026;2026;11125003;Imposto sobre a Propriedade Predial e Territorial Urbana - Dívida Ativa;Lançamento de Receita;18.812,41;500;Recursos não vinculados de Impostos;1001;Identificação das despesas com manutenção e desenvolvimento do ensino
Conde;201061;Prefeitura Municipal de Conde;052026;2026;11125003;Imposto sobre a Propriedade Predial e Territorial Urbana - Dívida Ativa;Lançamento de Receita;115.360,75;500;Recursos não vinculados de Impostos;"Não ";Não Aplicável
Conde;201061;Prefeitura Municipal de Conde;042026;2026;11125003;Imposto sobre a Propriedade Predial e Territorial Urbana - Dívida Ativa;Lançamento de Receita;90.903,47;500;Recursos não vinculados de Impostos;"Não ";Não Aplicável
Conde;201061;Prefeitura Municipal de Conde;032026;2026;11125003;Imposto sobre a Propriedade Predial e Territorial Urbana - Dívida Ativa;Lançamento de Receita;189.053,62;500;Recursos não vinculados de Impostos;"Não ";Não Aplicável
Conde;201061;Prefeitura Municipal de Conde;022026;2026;11125003;Imposto sobre a Propriedade Predial e Territorial Urbana - Dívida Ativa;Lançamento de Receita;136.438,35;500;Recursos não vinculados de Impostos;"Não ";Não Aplicável
Conde;201061;Prefeitura Municipal de Conde;012026;2026;11125003;Imposto sobre a Propriedade Predial e Territorial Urbana - Dívida Ativa;Lançamento de Receita;188.275,22;500;Recursos não vinculados de Impostos;"Não ";Não Aplicável
Conde;201061;Prefeitura Municipal de Conde;052026;2026;11125002;Imposto sobre a Propriedade Predial e Territorial Urbana - Multas e Juros de Mora;Lançamento de Receita;5.069,53;500;Recursos não vinculados de Impostos;1001;Identificação das despesas com manutenção e desenvolvimento do ensino
Conde;201061;Prefeitura Municipal de Conde;052026;2026;11125002;Imposto sobre a Propriedade Predial e Territorial Urbana - Multas e Juros de Mora;Lançamento de Receita;35.135,24;500;Recursos não vinculados de Impostos;"Não ";Não Aplicável
Conde;201061;Prefeitura Municipal de Conde;042026;2026;11125002;Imposto sobre a Propriedade Predial e Territorial Urbana - Multas e Juros de Mora;Lançamento de Receita;29.677,1;500;Recursos não vinculados de Impostos;"Não ";Não Aplicável
Conde;201061;Prefeitura Municipal de Conde;032026;2026;11125002;Imposto sobre a Propriedade Predial e Territorial Urbana - Multas e Juros de Mora;Lançamento de Receita;116.815,16;500;Recursos não vinculados de Impostos;"Não ";Não Aplicável
Conde;201061;Prefeitura Municipal de Conde;022026;2026;11125002;Imposto sobre a Propriedade Predial e Territorial Urbana - Multas e Juros de Mora;Lançamento de Receita;58.895,54;500;Recursos não vinculados de Impostos;"Não ";Não Aplicável
Conde;201061;Prefeitura Municipal de Conde;012026;2026;11125002;Imposto sobre a Propriedade Predial e Territorial Urbana - Multas e Juros de Mora;Lançamento de Receita;39.912,54;500;Recursos não vinculados de Impostos;"Não ";Não Aplicável
Conde;201061;Prefeitura Municipal de Conde;052026;2026;11125001;Imposto sobre a Propriedade Predial e Territorial Urbana - Principal;Lançamento de Receita;924.673,68;500;Recursos não vinculados de Impostos;"Não ";Não Aplicável
Conde;201061;Prefeitura Municipal de Conde;052026;2026;11125001;Imposto sobre a Propriedade Predial e Territorial Urbana - Principal;Lançamento de Receita;34.034,45;500;Recursos não vinculados de Impostos;1001;Identificação das despesas com manutenção e desenvolvimento do ensino
Conde;201061;Prefeitura Municipal de Conde;042026;2026;11125001;Imposto sobre a Propriedade Predial e Territorial Urbana - Principal;Lançamento de Receita;787.942,94;500;Recursos não vinculados de Impostos;"Não ";Não Aplicável
Conde;201061;Prefeitura Municipal de Conde;032026;2026;11125001;Imposto sobre a Propriedade Predial e Territorial Urbana - Principal;Lançamento de Receita;939.471,29;500;Recursos não vinculados de Impostos;"Não ";Não Aplicável
Conde;201061;Prefeitura Municipal de Conde;022026;2026;11125001;Imposto sobre a Propriedade Predial e Territorial Urbana - Principal;Lançamento de Receita;205.642,47;500;Recursos não vinculados de Impostos;"Não ";Não Aplicável
Conde;201061;Prefeitura Municipal de Conde;012026;2026;11125001;Imposto sobre a Propriedade Predial e Territorial Urbana - Principal;Lançamento de Receita;89.236,07;500;Recursos não vinculados de Impostos;"Não ";Não Aplicável
Conde;301061;Conde Previdência - CONDEPREV;042026;2026;72155111;Contribuição Patronal - Servidor Civil Ativo - Parcelamentos - Principal;Lançamento de Receita;354.348,27;800;Recursos vinculados ao RPPS - Fundo em Capitalização (Plano Previdenciário);1111;Benefícios previdenciários - Poder Executivo – Fundo em Capitalização (Plano Previdenciário)
Conde;301061;Conde Previdência - CONDEPREV;032026;2026;72155111;Contribuição Patronal - Servidor Civil Ativo - Parcelamentos - Principal;Lançamento de Receita;413.377,28;800;Recursos vinculados ao RPPS - Fundo em Capitalização (Plano Previdenciário);1111;Benefícios previdenciários - Poder Executivo – Fundo em Capitalização (Plano Previdenciário)
Conde;301061;Conde Previdência - CONDEPREV;012026;2026;72155111;Contribuição Patronal - Servidor Civil Ativo - Parcelamentos - Principal;Lançamento de Receita;377.059,4;800;Recursos vinculados ao RPPS - Fundo em Capitalização (Plano Previdenciário);1111;Benefícios previdenciários - Poder Executivo – Fundo em Capitalização (Plano Previdenciário)
Conde;301061;Conde Previdência - CONDEPREV;042026;2026;72150211;Contribuição Patronal - Servidor Civil Ativo - Principal;Lançamento de Receita;1.125.187,51;800;Recursos vinculados ao RPPS - Fundo em Capitalização (Plano Previdenciário);1111;Benefícios previdenciários - Poder Executivo – Fundo em Capitalização (Plano Previdenciário)
Conde;301061;Conde Previdência - CONDEPREV;032026;2026;72150211;Contribuição Patronal - Servidor Civil Ativo - Principal;Lançamento de Receita;2.471.588,9;800;Recursos vinculados ao RPPS - Fundo em Capitalização (Plano Previdenciário);1111;Benefícios previdenciários - Poder Executivo – Fundo em Capitalização (Plano Previdenciário)
Conde;301061;Conde Previdência - CONDEPREV;022026;2026;72150211;Contribuição Patronal - Servidor Civil Ativo - Principal;Lançamento de Receita;1.944.546,76;800;Recursos vinculados ao RPPS - Fundo em Capitalização (Plano Previdenciário);1111;Benefícios previdenciários - Poder Executivo – Fundo em Capitalização (Plano Previdenciário)
Conde;301061;Conde Previdência - CONDEPREV;012026;2026;72150211;Contribuição Patronal - Servidor Civil Ativo - Principal;Lançamento de Receita;1.753.538,87;800;Recursos vinculados ao RPPS - Fundo em Capitalização (Plano Previdenciário);1111;Benefícios previdenciários - Poder Executivo – Fundo em Capitalização (Plano Previdenciário)
Conde;301061;Conde Previdência - CONDEPREV;042026;2026;19990301;Compensações Financeiras entre os Regimes de Previdência - Principal;Lançamento de Receita;28.660,82;800;Recursos vinculados ao RPPS - Fundo em Capitalização (Plano Previdenciário);1121;Benefícios previdenciários - Poder Legislativo – Fundo em Capitalização (Plano Previdenciário)
Conde;301061;Conde Previdência - CONDEPREV;032026;2026;19990301;Compensações Financeiras entre os Regimes de Previdência - Principal;Lançamento de Receita;45.378,52;800;Recursos vinculados ao RPPS - Fundo em Capitalização (Plano Previdenciário);1111;Benefícios previdenciários - Poder Executivo – Fundo em Capitalização (Plano Previdenciário)
Conde;301061;Conde Previdência - CONDEPREV;022026;2026;19990301;Compensações Financeiras entre os Regimes de Previdência - Principal;Lançamento de Receita;27.096,3;800;Recursos vinculados ao RPPS - Fundo em Capitalização (Plano Previdenciário);1111;Benefícios previdenciários - Poder Executivo – Fundo em Capitalização (Plano Previdenciário)
Conde;301061;Conde Previdência - CONDEPREV;012026;2026;19990301;Compensações Financeiras entre os Regimes de Previdência - Principal;Lançamento de Receita;342.306,38;800;Recursos vinculados ao RPPS - Fundo em Capitalização (Plano Previdenciário);1111;Benefícios previdenciários - Poder Executivo – Fundo em Capitalização (Plano Previdenciário)
Conde;301061;Conde Previdência - CONDEPREV;042026;2026;13210401;Remuneração dos Recursos do Regime Próprio de Previdência Social - RPPS - Principal;Lançamento de Receita;684.197,52;800;Recursos vinculados ao RPPS - Fundo em Capitalização (Plano Previdenciário);1111;Benefícios previdenciários - Poder Executivo – Fundo em Capitalização (Plano Previdenciário)
Conde;301061;Conde Previdência - CONDEPREV;032026;2026;13210401;Remuneração dos Recursos do Regime Próprio de Previdência Social - RPPS - Principal;Lançamento de Receita;520.651,64;800;Recursos vinculados ao RPPS - Fundo em Capitalização (Plano Previdenciário);1111;Benefícios previdenciários - Poder Executivo – Fundo em Capitalização (Plano Previdenciário)
Conde;301061;Conde Previdência - CONDEPREV;022026;2026;13210401;Remuneração dos Recursos do Regime Próprio de Previdência Social - RPPS - Principal;Lançamento de Receita;556.317,42;800;Recursos vinculados ao RPPS - Fundo em Capitalização (Plano Previdenciário);1111;Benefícios previdenciários - Poder Executivo – Fundo em Capitalização (Plano Previdenciário)
Conde;301061;Conde Previdência - CONDEPREV;012026;2026;13210401;Remuneração dos Recursos do Regime Próprio de Previdência Social - RPPS - Principal;Lançamento de Receita;646.975,38;800;Recursos vinculados ao RPPS - Fundo em Capitalização (Plano Previdenciário);1111;Benefícios previdenciários - Poder Executivo – Fundo em Capitalização (Plano Previdenciário)
Conde;301061;Conde Previdência - CONDEPREV;042026;2026;12150111;Contribuição do Servidor Civil Ativo - Principal;Lançamento de Receita;64.098,33;800;Recursos vinculados ao RPPS - Fundo em Capitalização (Plano Previdenciário);1121;Benefícios previdenciários - Poder Legislativo – Fundo em Capitalização (Plano Previdenciário)
Conde;301061;Conde Previdência - CONDEPREV;042026;2026;12150111;Contribuição do Servidor Civil Ativo - Principal;Lançamento de Receita;493.803,89;800;Recursos vinculados ao RPPS - Fundo em Capitalização (Plano Previdenciário);1111;Benefícios previdenciários - Poder Executivo – Fundo em Capitalização (Plano Previdenciário)
Conde;301061;Conde Previdência - CONDEPREV;032026;2026;12150111;Contribuição do Servidor Civil Ativo - Principal;Lançamento de Receita;552.299,6;800;Recursos vinculados ao RPPS - Fundo em Capitalização (Plano Previdenciário);1111;Benefícios previdenciários - Poder Executivo – Fundo em Capitalização (Plano Previdenciário)
Conde;301061;Conde Previdência - CONDEPREV;022026;2026;12150111;Contribuição do Servidor Civil Ativo - Principal;Lançamento de Receita;542.203,64;800;Recursos vinculados ao RPPS - Fundo em Capitalização (Plano Previdenciário);1111;Benefícios previdenciários - Poder Executivo – Fundo em Capitalização (Plano Previdenciário)
Conde;301061;Conde Previdência - CONDEPREV;012026;2026;12150111;Contribuição do Servidor Civil Ativo - Principal;Lançamento de Receita;575.255,03;800;Recursos vinculados ao RPPS - Fundo em Capitalização (Plano Previdenciário);1111;Benefícios previdenciários - Poder Executivo – Fundo em Capitalização (Plano Previdenciário)
Conde;602061;Fundo Municipal de Saúde do Conde;052026;2026;17235001;Transferências de Recursos do Sistema Único de Saúde – SUS - Principal;Lançamento de Receita;13.174,25;621;"Transferências Fundo a Fundo de Recursos do SUS provenientes do Governo Estadual ";"Não ";Não Aplicável
Conde;602061;Fundo Municipal de Saúde do Conde;042026;2026;17235001;Transferências de Recursos do Sistema Único de Saúde – SUS - Principal;Lançamento de Receita;6.924,25;621;"Transferências Fundo a Fundo de Recursos do SUS provenientes do Governo Estadual ";"Não ";Não Aplicável
Conde;602061;Fundo Municipal de Saúde do Conde;032026;2026;17235001;Transferências de Recursos do Sistema Único de Saúde – SUS - Principal;Lançamento de Receita;6.250;621;"Transferências Fundo a Fundo de Recursos do SUS provenientes do Governo Estadual ";"Não ";Não Aplicável
Conde;602061;Fundo Municipal de Saúde do Conde;022026;2026;17235001;Transferências de Recursos do Sistema Único de Saúde – SUS - Principal;Lançamento de Receita;13.174,25;621;"Transferências Fundo a Fundo de Recursos do SUS provenientes do Governo Estadual ";"Não ";Não Aplicável
Conde;602061;Fundo Municipal de Saúde do Conde;012026;2026;17235001;Transferências de Recursos do Sistema Único de Saúde – SUS - Principal;Lançamento de Receita;13.174,25;621;"Transferências Fundo a Fundo de Recursos do SUS provenientes do Governo Estadual ";"Não ";Não Aplicável
Conde;602061;Fundo Municipal de Saúde do Conde;052026;2026;17135051;Transferências de Recursos do Bloco de Manutenção das Ações e Serviços Públicos de Saúde – Gestão do SUS - Principal;Lançamento de Receita;97.163,35;605;Assistência financeira da União destinada à complementação ao pagamento dos pisos salariais para profissionais da enfermagem;"Não ";Não Aplicável
Conde;602061;Fundo Municipal de Saúde do Conde;042026;2026;17135051;Transferências de Recursos do Bloco de Manutenção das Ações e Serviços Públicos de Saúde – Gestão do SUS - Principal;Lançamento de Receita;95.575,85;605;Assistência financeira da União destinada à complementação ao pagamento dos pisos salariais para profissionais da enfermagem;"Não ";Não Aplicável
Conde;602061;Fundo Municipal de Saúde do Conde;032026;2026;17135051;Transferências de Recursos do Bloco de Manutenção das Ações e Serviços Públicos de Saúde – Gestão do SUS - Principal;Lançamento de Receita;95.575,85;605;Assistência financeira da União destinada à complementação ao pagamento dos pisos salariais para profissionais da enfermagem;"Não ";Não Aplicável
Conde;602061;Fundo Municipal de Saúde do Conde;022026;2026;17135051;Transferências de Recursos do Bloco de Manutenção das Ações e Serviços Públicos de Saúde – Gestão do SUS - Principal;Lançamento de Receita;106.148,92;605;Assistência financeira da União destinada à complementação ao pagamento dos pisos salariais para profissionais da enfermagem;"Não ";Não Aplicável
Conde;602061;Fundo Municipal de Saúde do Conde;042026;2026;17135041;Transferências de Recursos do Bloco de Manutenção das Ações e Serviços Públicos de Saúde – Assistência Farmacêutica - Principal;Lançamento de Receita;21.049,4;600;Transferências Fundo a Fundo de Recursos do SUS provenientes do Governo Federal - Bloco de Manutenção das Ações e Serviços Públicos de Saúde;"Não ";Não Aplicável
Conde;602061;Fundo Municipal de Saúde do Conde;032026;2026;17135041;Transferências de Recursos do Bloco de Manutenção das Ações e Serviços Públicos de Saúde – Assistência Farmacêutica - Principal;Lançamento de Receita;21.049,4;600;Transferências Fundo a Fundo de Recursos do SUS provenientes do Governo Federal - Bloco de Manutenção das Ações e Serviços Públicos de Saúde;"Não ";Não Aplicável
Conde;602061;Fundo Municipal de Saúde do Conde;022026;2026;17135041;Transferências de Recursos do Bloco de Manutenção das Ações e Serviços Públicos de Saúde – Assistência Farmacêutica - Principal;Lançamento de Receita;21.049,4;600;Transferências Fundo a Fundo de Recursos do SUS provenientes do Governo Federal - Bloco de Manutenção das Ações e Serviços Públicos de Saúde;"Não ";Não Aplicável
Conde;602061;Fundo Municipal de Saúde do Conde;012026;2026;17135041;Transferências de Recursos do Bloco de Manutenção das Ações e Serviços Públicos de Saúde – Assistência Farmacêutica - Principal;Lançamento de Receita;27.049,4;600;Transferências Fundo a Fundo de Recursos do SUS provenientes do Governo Federal - Bloco de Manutenção das Ações e Serviços Públicos de Saúde;"Não ";Não Aplicável
Conde;602061;Fundo Municipal de Saúde do Conde;052026;2026;17135031;Transferências de Recursos do Bloco de Manutenção das Ações e Serviços Públicos de Saúde – Vigilância em Saúde - Principal;Lançamento de Receita;3.293,38;600;Transferências Fundo a Fundo de Recursos do SUS provenientes do Governo Federal - Bloco de Manutenção das Ações e Serviços Públicos de Saúde;"Não ";Não Aplicável
Conde;602061;Fundo Municipal de Saúde do Conde;052026;2026;17135031;Transferências de Recursos do Bloco de Manutenção das Ações e Serviços Públicos de Saúde – Vigilância em Saúde - Principal;Lançamento de Receita;29.178;604;Transferências provenientes do Governo Federal destinadas ao vencimento dos agentes comunitários de saúde e dos agentes de combate às endemias;"Não ";Não Aplicável
Conde;602061;Fundo Municipal de Saúde do Conde;042026;2026;17135031;Transferências de Recursos do Bloco de Manutenção das Ações e Serviços Públicos de Saúde – Vigilância em Saúde - Principal;Lançamento de Receita;17.884,42;600;Transferências Fundo a Fundo de Recursos do SUS provenientes do Governo Federal - Bloco de Manutenção das Ações e Serviços Públicos de Saúde;"Não ";Não Aplicável
Conde;602061;Fundo Municipal de Saúde do Conde;042026;2026;17135031;Transferências de Recursos do Bloco de Manutenção das Ações e Serviços Públicos de Saúde – Vigilância em Saúde - Principal;Lançamento de Receita;29.178;604;Transferências provenientes do Governo Federal destinadas ao vencimento dos agentes comunitários de saúde e dos agentes de combate às endemias;"Não ";Não Aplicável
Conde;602061;Fundo Municipal de Saúde do Conde;032026;2026;17135031;Transferências de Recursos do Bloco de Manutenção das Ações e Serviços Públicos de Saúde – Vigilância em Saúde - Principal;Lançamento de Receita;38.731,53;600;Transferências Fundo a Fundo de Recursos do SUS provenientes do Governo Federal - Bloco de Manutenção das Ações e Serviços Públicos de Saúde;"Não ";Não Aplicável
Conde;602061;Fundo Municipal de Saúde do Conde;032026;2026;17135031;Transferências de Recursos do Bloco de Manutenção das Ações e Serviços Públicos de Saúde – Vigilância em Saúde - Principal;Lançamento de Receita;29.178;604;Transferências provenientes do Governo Federal destinadas ao vencimento dos agentes comunitários de saúde e dos agentes de combate às endemias;"Não ";Não Aplicável
Conde;602061;Fundo Municipal de Saúde do Conde;022026;2026;17135031;Transferências de Recursos do Bloco de Manutenção das Ações e Serviços Públicos de Saúde – Vigilância em Saúde - Principal;Lançamento de Receita;29.178;604;Transferências provenientes do Governo Federal destinadas ao vencimento dos agentes comunitários de saúde e dos agentes de combate às endemias;"Não ";Não Aplicável
Conde;602061;Fundo Municipal de Saúde do Conde;022026;2026;17135031;Transferências de Recursos do Bloco de Manutenção das Ações e Serviços Públicos de Saúde – Vigilância em Saúde - Principal;Lançamento de Receita;12.194,8;600;Transferências Fundo a Fundo de Recursos do SUS provenientes do Governo Federal - Bloco de Manutenção das Ações e Serviços Públicos de Saúde;"Não ";Não Aplicável
Conde;602061;Fundo Municipal de Saúde do Conde;012026;2026;17135031;Transferências de Recursos do Bloco de Manutenção das Ações e Serviços Públicos de Saúde – Vigilância em Saúde - Principal;Lançamento de Receita;16.903,27;600;Transferências Fundo a Fundo de Recursos do SUS provenientes do Governo Federal - Bloco de Manutenção das Ações e Serviços Públicos de Saúde;"Não ";Não Aplicável
Conde;602061;Fundo Municipal de Saúde do Conde;012026;2026;17135031;Transferências de Recursos do Bloco de Manutenção das Ações e Serviços Públicos de Saúde – Vigilância em Saúde - Principal;Lançamento de Receita;29.178;604;Transferências provenientes do Governo Federal destinadas ao vencimento dos agentes comunitários de saúde e dos agentes de combate às endemias;"Não ";Não Aplicável
Conde;602061;Fundo Municipal de Saúde do Conde;052026;2026;17135021;Transferências de Recursos do Bloco de Manutenção das Ações e Serviços Públicos de Saúde – Atenção Especializada - Principal;Lançamento de Receita;2.389.926,91;600;Transferências Fundo a Fundo de Recursos do SUS provenientes do Governo Federal - Bloco de Manutenção das Ações e Serviços Públicos de Saúde;"Não ";Não Aplicável
Conde;602061;Fundo Municipal de Saúde do Conde;042026;2026;17135021;Transferências de Recursos do Bloco de Manutenção das Ações e Serviços Públicos de Saúde – Atenção Especializada - Principal;Lançamento de Receita;3.373.076,4;600;Transferências Fundo a Fundo de Recursos do SUS provenientes do Governo Federal - Bloco de Manutenção das Ações e Serviços Públicos de Saúde;"Não ";Não Aplicável
Conde;602061;Fundo Municipal de Saúde do Conde;032026;2026;17135021;Transferências de Recursos do Bloco de Manutenção das Ações e Serviços Públicos de Saúde – Atenção Especializada - Principal;Lançamento de Receita;373.076,4;600;Transferências Fundo a Fundo de Recursos do SUS provenientes do Governo Federal - Bloco de Manutenção das Ações e Serviços Públicos de Saúde;"Não ";Não Aplicável
Conde;602061;Fundo Municipal de Saúde do Conde;022026;2026;17135021;Transferências de Recursos do Bloco de Manutenção das Ações e Serviços Públicos de Saúde – Atenção Especializada - Principal;Lançamento de Receita;373.076,4;600;Transferências Fundo a Fundo de Recursos do SUS provenientes do Governo Federal - Bloco de Manutenção das Ações e Serviços Públicos de Saúde;"Não ";Não Aplicável
Conde;602061;Fundo Municipal de Saúde do Conde;012026;2026;17135021;Transferências de Recursos do Bloco de Manutenção das Ações e Serviços Públicos de Saúde – Atenção Especializada - Principal;Lançamento de Receita;373.076,4;600;Transferências Fundo a Fundo de Recursos do SUS provenientes do Governo Federal - Bloco de Manutenção das Ações e Serviços Públicos de Saúde;"Não ";Não Aplicável
Conde;602061;Fundo Municipal de Saúde do Conde;052026;2026;17135011;Transferências de Recursos do Bloco de Manutenção das Ações e Serviços Públicos de Saúde – Atenção Primária - Principal;Lançamento de Receita;139.406;604;Transferências provenientes do Governo Federal destinadas ao vencimento dos agentes comunitários de saúde e dos agentes de combate às endemias;"Não ";Não Aplicável
Conde;602061;Fundo Municipal de Saúde do Conde;052026;2026;17135011;Transferências de Recursos do Bloco de Manutenção das Ações e Serviços Públicos de Saúde – Atenção Primária - Principal;Lançamento de Receita;412.127,47;600;Transferências Fundo a Fundo de Recursos do SUS provenientes do Governo Federal - Bloco de Manutenção das Ações e Serviços Públicos de Saúde;"Não ";Não Aplicável
Conde;602061;Fundo Municipal de Saúde do Conde;042026;2026;17135011;Transferências de Recursos do Bloco de Manutenção das Ações e Serviços Públicos de Saúde – Atenção Primária - Principal;Lançamento de Receita;457.843,75;600;Transferências Fundo a Fundo de Recursos do SUS provenientes do Governo Federal - Bloco de Manutenção das Ações e Serviços Públicos de Saúde;"Não ";Não Aplicável
Conde;602061;Fundo Municipal de Saúde do Conde;042026;2026;17135011;Transferências de Recursos do Bloco de Manutenção das Ações e Serviços Públicos de Saúde – Atenção Primária - Principal;Lançamento de Receita;139.406;604;Transferências provenientes do Governo Federal destinadas ao vencimento dos agentes comunitários de saúde e dos agentes de combate às endemias;"Não ";Não Aplicável
Conde;602061;Fundo Municipal de Saúde do Conde;032026;2026;17135011;Transferências de Recursos do Bloco de Manutenção das Ações e Serviços Públicos de Saúde – Atenção Primária - Principal;Lançamento de Receita;139.406;604;Transferências provenientes do Governo Federal destinadas ao vencimento dos agentes comunitários de saúde e dos agentes de combate às endemias;"Não ";Não Aplicável
Conde;602061;Fundo Municipal de Saúde do Conde;032026;2026;17135011;Transferências de Recursos do Bloco de Manutenção das Ações e Serviços Públicos de Saúde – Atenção Primária - Principal;Lançamento de Receita;460.537,32;600;Transferências Fundo a Fundo de Recursos do SUS provenientes do Governo Federal - Bloco de Manutenção das Ações e Serviços Públicos de Saúde;"Não ";Não Aplicável
Conde;602061;Fundo Municipal de Saúde do Conde;022026;2026;17135011;Transferências de Recursos do Bloco de Manutenção das Ações e Serviços Públicos de Saúde – Atenção Primária - Principal;Lançamento de Receita;139.406;604;Transferências provenientes do Governo Federal destinadas ao vencimento dos agentes comunitários de saúde e dos agentes de combate às endemias;"Não ";Não Aplicável
Conde;602061;Fundo Municipal de Saúde do Conde;022026;2026;17135011;Transferências de Recursos do Bloco de Manutenção das Ações e Serviços Públicos de Saúde – Atenção Primária - Principal;Lançamento de Receita;526.925,62;600;Transferências Fundo a Fundo de Recursos do SUS provenientes do Governo Federal - Bloco de Manutenção das Ações e Serviços Públicos de Saúde;"Não ";Não Aplicável
Conde;602061;Fundo Municipal de Saúde do Conde;012026;2026;17135011;Transferências de Recursos do Bloco de Manutenção das Ações e Serviços Públicos de Saúde – Atenção Primária - Principal;Lançamento de Receita;421.852,67;600;Transferências Fundo a Fundo de Recursos do SUS provenientes do Governo Federal - Bloco de Manutenção das Ações e Serviços Públicos de Saúde;"Não ";Não Aplicável
Conde;602061;Fundo Municipal de Saúde do Conde;012026;2026;17135011;Transferências de Recursos do Bloco de Manutenção das Ações e Serviços Públicos de Saúde – Atenção Primária - Principal;Lançamento de Receita;142.648;604;Transferências provenientes do Governo Federal destinadas ao vencimento dos agentes comunitários de saúde e dos agentes de combate às endemias;"Não ";Não Aplicável
Conde;602061;Fundo Municipal de Saúde do Conde;042026;2026;13210101;Remuneração de Depósitos Bancários - Principal;Lançamento de Receita;98.069,79;600;Transferências Fundo a Fundo de Recursos do SUS provenientes do Governo Federal - Bloco de Manutenção das Ações e Serviços Públicos de Saúde;"Não ";Não Aplicável
Conde;602061;Fundo Municipal de Saúde do Conde;032026;2026;13210101;Remuneração de Depósitos Bancários - Principal;Lançamento de Receita;106.292,8;600;Transferências Fundo a Fundo de Recursos do SUS provenientes do Governo Federal - Bloco de Manutenção das Ações e Serviços Públicos de Saúde;"Não ";Não Aplicável
Conde;602061;Fundo Municipal de Saúde do Conde;022026;2026;13210101;Remuneração de Depósitos Bancários - Principal;Lançamento de Receita;90.039,89;600;Transferências Fundo a Fundo de Recursos do SUS provenientes do Governo Federal - Bloco de Manutenção das Ações e Serviços Públicos de Saúde;"Não ";Não Aplicável
Conde;602061;Fundo Municipal de Saúde do Conde;012026;2026;13210101;Remuneração de Depósitos Bancários - Principal;Lançamento de Receita;101.772,02;600;Transferências Fundo a Fundo de Recursos do SUS provenientes do Governo Federal - Bloco de Manutenção das Ações e Serviços Públicos de Saúde;"Não ";Não Aplicável
